tag_name,tag,opacity,fill_h_cos,fill_h_sin,fill_s_n,fill_l_n,stroke_h_cos,stroke_h_sin,stroke_s_n,stroke_l_n,stroke_width,bbox_left_n,bbox_right_n,bbox_top_n,bbox_bottom_n,bbox_mds_1,bbox_mds_2,bbox_center_x_n,bbox_center_y_n,bbox_width_n,bbox_height_n,bbox_fill_area
svg/g/g_1/g_2/g_3/g_5/path_25,0.75,0.7071067811865476,0.07279029772675538,0.24020802498228377,0.3770491803278688,0.4784313725490195,0.0,0.0,0.0,0.0,0.0,0.0,0.031250000000000014,0.9413209026383108,1.0,0.0,0.5315589236449838,0.015625000000000007,0.9706604513191553,0.03125000000000001,0.05867909736168948,0.0
svg/g/g_1/g_2/g_3/g_5/path_24,0.75,0.7071067811865476,0.07279029772675538,0.24020802498228377,0.3770491803278688,0.4784313725490195,0.0,0.0,0.0,0.0,0.0,0.5468750000000001,0.5781250000000001,0.38747607210293555,1.0,0.8213527695022227,0.5752235041365265,0.5625,0.6937380360514678,0.031249999999999993,0.6125239278970648,0.0
svg/g/g_1/g_2/g_3/g_5/path_23,0.75,0.7071067811865476,0.07279029772675538,0.24020802498228377,0.3770491803278688,0.4784313725490195,0.0,0.0,0.0,0.0,0.0,0.3125,0.34375,0.2375405931968141,1.0,0.627175258287678,0.7823380855351867,0.32812499999999994,0.6187702965984071,0.031249999999999993,0.762459406803186,0.0
svg/g/g_1/g_2/g_3/g_5/path_22,0.75,0.7071067811865476,0.07279029772675538,0.24020802498228377,0.3770491803278688,0.4784313725490195,0.0,0.0,0.0,0.0,0.0,0.703125,0.7343750000000001,0.9409082658643918,1.0,0.7334689906379229,0.17230980383136402,0.71875,0.9704541329321961,0.031250000000000056,0.05909173413560831,0.0
svg/g/g_1/g_2/g_3/g_5/path_21,0.75,0.7071067811865476,0.07279029772675538,0.24020802498228377,0.3770491803278688,0.4784313725490195,0.0,0.0,0.0,0.0,0.0,0.8593750000000001,0.890625,0.7085289440973414,1.0,1.0,0.2247573966977336,0.875,0.8542644720486708,0.031249999999999927,0.29147105590265876,0.0
svg/g/g_1/g_2/g_3/g_5/path_20,0.75,0.7071067811865476,0.07279029772675538,0.24020802498228377,0.3770491803278688,0.4784313725490195,0.0,0.0,0.0,0.0,0.0,0.15625000000000003,0.18750000000000006,0.0,1.0,0.5837226858287258,1.0,0.17187500000000003,0.5000000000000001,0.03125000000000002,1.0000000000000002,0.0
svg/g/g_1/g_2/g_3/g_5/path_19,0.75,0.7071067811865476,0.07279029772675538,0.24020802498228377,0.3770491803278688,0.4784313725490195,0.0,0.0,0.0,0.0,0.0,0.07812500000000001,0.10937500000000004,0.08543080939560409,1.0,0.4323951577060909,0.9857850746821483,0.09375000000000003,0.5427154046978021,0.03125000000000002,0.9145691906043961,0.0
svg/g/g_1/g_2/g_3/g_5/path_18,0.75,0.7071067811865476,0.07279029772675538,0.24020802498228377,0.3770491803278688,0.4784313725490195,0.0,0.0,0.0,0.0,0.0,0.7812500000000001,0.8125000000000002,0.8204226211591892,1.0,0.8695332616971607,0.20182085463947702,0.7968750000000001,0.9102113105795946,0.031250000000000056,0.17957737884081099,0.0
svg/g/g_1/g_2/g_3/g_5/path_17,0.75,0.7071067811865476,0.07279029772675538,0.24020802498228377,0.3770491803278688,0.4784313725490195,0.0,0.0,0.0,0.0,0.0,0.6250000000000001,0.65625,0.7984036726586986,1.0,0.7180821027847626,0.29585642196821355,0.6406250000000001,0.8992018363293494,0.031249999999999927,0.20159632734130142,0.0
svg/g/g_1/g_2/g_3/g_5/path_16,0.75,0.7071067811865476,0.07279029772675538,0.24020802498228377,0.3770491803278688,0.4784313725490195,0.0,0.0,0.0,0.0,0.0,0.9375,0.9687500000000001,0.9803063823793231,1.0,0.948022216132499,0.021419249038704607,0.953125,0.9901531911896616,0.031250000000000056,0.019693617620676975,0.0
svg/g/g_1/g_2/g_3/g_5/path_15,0.75,0.7071067811865476,0.07279029772675538,0.24020802498228377,0.3770491803278688,0.4784313725490195,0.0,0.0,0.0,0.0,0.0,0.46875,0.5,0.989422907825607,1.0,0.466426866909289,0.26184822831120524,0.48437499999999994,0.9947114539128036,0.031249999999999993,0.010577092174392944,0.0
svg/g/g_1/g_2/g_3/g_5/path_14,0.75,0.7071067811865476,0.07279029772675538,0.24020802498228377,0.3770491803278688,0.4784313725490195,0.0,0.0,0.0,0.0,0.0,0.234375,0.26562500000000006,0.9875202791909723,1.0,0.22135178937970373,0.38006706512904903,0.25000000000000006,0.9937601395954861,0.03125000000000002,0.012479720809027794,0.0
svg/g/g_1/g_2/g_3/g_5/path_13,0.75,0.7071067811865476,0.07279029772675538,0.24020802498228377,0.3770491803278688,0.4784313725490195,0.0,0.0,0.0,0.0,0.0,0.39062500000000006,0.42187500000000006,0.9976752454889352,1.0,0.38058653406692355,0.2958027450047035,0.40625,0.9988376227444676,0.031249999999999993,0.002324754511065064,0.0
svg/g/g_1/g_2/g_3/g_4/path_12,0.75,0.7071067811865476,0.9347786682026773,0.7469159972053376,0.9170124481327799,0.5274509803921569,0.0,0.0,0.0,0.0,0.0,0.031250000000000014,0.06250000000000001,0.9530193363823878,1.0,0.02288004594703233,0.5005032652729605,0.046875000000000014,0.976509668191194,0.03125,0.0469806636176122,0.0
svg/g/g_1/g_2/g_3/g_4/path_11,0.75,0.7071067811865476,0.9347786682026773,0.7469159972053376,0.9170124481327799,0.5274509803921569,0.0,0.0,0.0,0.0,0.0,0.5781250000000001,0.609375,0.650993062412614,1.0,0.7361319713967653,0.4052921750163527,0.59375,0.8254965312063071,0.031249999999999927,0.3490069375873861,0.0
svg/g/g_1/g_2/g_3/g_4/path_10,0.75,0.7071067811865476,0.9347786682026773,0.7469159972053376,0.9170124481327799,0.5274509803921569,0.0,0.0,0.0,0.0,0.0,0.34375,0.37500000000000006,0.5327152317254352,1.0,0.5464667840313808,0.5929505364586488,0.359375,0.7663576158627176,0.031250000000000056,0.467284768274565,0.0
svg/g/g_1/g_2/g_3/g_4/path_9,0.75,0.7071067811865476,0.9347786682026773,0.7469159972053376,0.9170124481327799,0.5274509803921569,0.0,0.0,0.0,0.0,0.0,0.7343750000000001,0.7656250000000001,0.965320504336468,1.0,0.7539015532920615,0.14142604260853084,0.7500000000000002,0.9826602521682339,0.031250000000000056,0.0346794956635323,0.0
svg/g/g_1/g_2/g_3/g_4/path_8,0.75,0.7071067811865476,0.9347786682026773,0.7469159972053376,0.9170124481327799,0.5274509803921569,0.0,0.0,0.0,0.0,0.0,0.890625,0.921875,0.853801862158163,1.0,0.9639999146351483,0.1222637829359266,0.9062500000000001,0.9269009310790816,0.031250000000000056,0.146198137841837,0.0
svg/g/g_1/g_2/g_3/g_4/path_7,0.75,0.7071067811865476,0.9347786682026773,0.7469159972053376,0.9170124481327799,0.5274509803921569,0.0,0.0,0.0,0.0,0.0,0.18750000000000006,0.21875000000000003,0.5669155961206518,1.0,0.3663402924806857,0.6516484522383671,0.20312500000000006,0.7834577980603259,0.031249999999999993,0.43308440387934843,0.0
svg/g/g_1/g_2/g_3/g_4/path_6,0.75,0.7071067811865476,0.9347786682026773,0.7469159972053376,0.9170124481327799,0.5274509803921569,0.0,0.0,0.0,0.0,0.0,0.10937500000000004,0.14062500000000003,0.5909374638241485,1.0,0.2718037226107437,0.6765268418943892,0.12500000000000003,0.7954687319120743,0.031249999999999993,0.40906253617585175,0.0
svg/g/g_1/g_2/g_3/g_4/path_5,0.75,0.7071067811865476,0.9347786682026773,0.7469159972053376,0.9170124481327799,0.5274509803921569,0.0,0.0,0.0,0.0,0.0,0.8125000000000002,0.8437500000000002,0.9068638186964275,1.0,0.8615212174832999,0.1348024353820046,0.8281250000000002,0.953431909348214,0.031250000000000056,0.09313618130357249,0.0
svg/g/g_1/g_2/g_3/g_4/path_4,0.75,0.7071067811865476,0.9347786682026773,0.7469159972053376,0.9170124481327799,0.5274509803921569,0.0,0.0,0.0,0.0,0.0,0.65625,0.6875000000000001,0.8823637334522663,1.0,0.7123758565746442,0.23111597340302156,0.6718750000000001,0.941181866726133,0.031250000000000056,0.11763626654773406,0.0
svg/g/g_1/g_2/g_3/g_4/path_3,0.75,0.7071067811865476,0.9347786682026773,0.7469159972053376,0.9170124481327799,0.5274509803921569,0.0,0.0,0.0,0.0,0.0,0.9687500000000001,1.0,0.9858282272803665,1.0,0.9748798002039109,0.0,0.984375,0.9929141136401833,0.031249999999999927,0.014171772719633649,0.0
svg/g/g_1/g_2/g_3/g_4/path_2,0.75,0.7071067811865476,0.9347786682026773,0.7469159972053376,0.9170124481327799,0.5274509803921569,0.0,0.0,0.0,0.0,0.0,0.5,0.53125,0.9939940952702538,1.0,0.49711562063076997,0.24356170719399498,0.515625,0.9969970476351271,0.031249999999999993,0.006005904729746173,0.0
svg/g/g_1/g_2/g_3/g_4/path_1,0.75,0.7071067811865476,0.9347786682026773,0.7469159972053376,0.9170124481327799,0.5274509803921569,0.0,0.0,0.0,0.0,0.0,0.26562500000000006,0.29687499999999994,0.9924684962541164,1.0,0.2518067714127492,0.36136857936433675,0.28125,0.9962342481270582,0.03124999999999996,0.007531503745883734,0.0
svg/g/g_1/g_2/g_3/g_4/path,0.75,0.7071067811865476,0.9347786682026773,0.7469159972053376,0.9170124481327799,0.5274509803921569,0.0,0.0,0.0,0.0,0.0,0.42187500000000006,0.45312500000000006,0.9979532233679231,1.0,0.41330055440868235,0.28011313957988276,0.43750000000000006,0.9989766116839616,0.031249999999999993,0.002046776632076969,0.0
