tag_name,tag,opacity,fill_l,fill_a,fill_b,stroke_l,stroke_a,stroke_b,stroke_width,layer,bbox_min_top,bbox_max_bottom,bbox_min_left,bbox_max_right,bbox_center_x,bbox_center_y,bbox_width,bbox_height,bbox_fill_area,bbox_stroke_area
svg/g_12/polyline,0.49960031974420466,0.1,1e-08,0.5019607882352941,0.5019607882352941,0.8204578167434552,0.5019782207515352,0.501926285375673,0.1,0.1,0.0,0.0,0.0,0.0,0.0,0.0,0.0,0.0,0.0,0.0
svg/g_12/line_67,0.2514738209432454,0.1,1e-08,0.5019607882352941,0.5019607882352941,0.8204578167434552,0.5019782207515352,0.501926285375673,0.1,0.11000000000000001,0.0878972278566599,0.08558262014483214,0.06532877882152006,0.07399007795889441,0.06981212638770282,0.08675342008675344,0.7682926829268294,0.0,0.0,0.11614533431712667
svg/g_12/line_66,0.2514488409272583,0.1,1e-08,0.5019607882352941,0.5019607882352941,0.8204578167434552,0.5019782207515352,0.501926285375673,0.1,0.060000000000000005,0.18424611223799864,0.17939433838051352,0.06532877882152006,0.07328136073706591,0.06945630515229148,0.18184851518184855,0.7073170731707318,0.0,0.0,0.11199984438586791
svg/g_12/line_65,0.251423860911271,0.1,1e-08,0.5019607882352941,0.5019607882352941,0.8204578167434552,0.5019782207515352,0.501926285375673,0.1,0.043333333333333335,0.28025693035835025,0.27287689269256094,0.06532877882152006,0.07328136073706591,0.06945630515229148,0.27660994327661004,0.7073170731707318,0.0,0.0,0.11199984438586791
svg/g_12/line_64,0.25139888089528384,0.1,1e-08,0.5019607882352941,0.5019607882352941,0.8204578167434552,0.5019782207515352,0.501926285375673,0.1,0.035,0.37660581473968896,0.36668861092824234,0.06532877882152006,0.07328136073706591,0.06945630515229148,0.37170503837170515,0.7073170731707318,0.0,0.0,0.11199984438586791
svg/g_12/line_63,0.25137390087929656,0.1,1e-08,0.5019607882352941,0.5019607882352941,0.8204578167434552,0.5019782207515352,0.501926285375673,0.1,0.030000000000000006,0.4722785665990534,0.4598420013166557,0.06532877882152006,0.07328136073706591,0.06945630515229148,0.46613279946613284,0.7073170731707318,0.0,0.0,0.11199984438586791
svg/g_12/line_62,0.2513489208633094,0.1,1e-08,0.5019607882352941,0.5019607882352941,0.8204578167434552,0.5019782207515352,0.501926285375673,0.1,0.02666666666666667,0.5676132521974306,0.5526662277814353,0.06532877882152006,0.07328136073706591,0.06945630515229148,0.560226893560227,0.7073170731707318,0.0,0.0,0.11199984438586791
svg/g_12/line_61,0.2513239408473222,0.1,1e-08,0.5019607882352941,0.5019607882352941,0.8204578167434552,0.5019782207515352,0.501926285375673,0.1,0.024285714285714285,0.6639621365787695,0.6464779460171166,0.06532877882152006,0.07328136073706591,0.06945630515229148,0.6553219886553222,0.7073170731707318,0.0,0.0,0.11199984438586791
svg/g_12/line_60,0.2512989608313349,0.1,1e-08,0.5019607882352941,0.5019607882352941,0.8204578167434552,0.5019782207515352,0.501926285375673,0.1,0.022500000000000003,0.7586206896551724,0.7386438446346282,0.06532877882152006,0.07328136073706591,0.06945630515229148,0.748748748748749,0.7073170731707318,0.0,0.0,0.11199984438586791
svg/g_12/line_59,0.25127398081534774,0.1,1e-08,0.5019607882352941,0.5019607882352941,0.8204578167434552,0.5019782207515352,0.501926285375673,0.1,0.021111111111111115,0.8553076402974983,0.8327847267939436,0.06532877882152006,0.07328136073706591,0.06945630515229148,0.8441775108441777,0.7073170731707318,0.0,0.0,0.11199984438586791
svg/g_12/line_58,0.25124900079936047,0.1,1e-08,0.5019607882352941,0.5019607882352941,0.8204578167434552,0.5019782207515352,0.501926285375673,0.1,0.020000000000000004,0.9631507775524002,0.9572086899275841,0.1372046683746086,0.13664068036853297,0.1372046683746086,0.9604604604604607,0.0,0.05139372822299682,0.0,0.11285280696922897
svg/g_12/line_57,0.25122402078337336,0.1,1e-08,0.5019607882352941,0.5019607882352941,0.8204578167434552,0.5019782207515352,0.501926285375673,0.1,0.019090909090909096,0.9631507775524002,0.9572086899275841,0.6349274124679761,0.6323175053153792,0.6349274124679761,0.9604604604604607,0.0,0.05139372822299682,0.0,0.11285280696922897
svg/g_12/line_56,0.2511990407673861,0.1,1e-08,0.5019607882352941,0.5019607882352941,0.8204578167434552,0.5019782207515352,0.501926285375673,0.1,0.018333333333333333,0.9631507775524002,0.9377880184331798,0.06532877882152006,0.07328136073706591,0.06945630515229148,0.9506172839506174,0.7073170731707318,0.0,0.0,0.11199984438586791
svg/g_12/g_24/path_32,1.0,0.1,0.7468876430356249,0.5180854952765099,0.5189318811079227,1e-08,0.5019607882352941,0.5019607882352941,0.1,0.017692307692307695,0.9523326572008111,0.9499670836076368,0.045402789638485624,0.050177179305457134,0.04789353828636494,0.9514514514514516,0.42682926829268353,0.06010452961672504,0.0,0.22448286862820252
svg/g_12/g_24/path_31,0.9999750199840128,0.1,0.7468876430356249,0.5180854952765099,0.5189318811079227,1e-08,0.5019607882352941,0.5019607882352941,0.1,0.017769230769230773,0.9540229885057471,0.9483212639894669,0.05394249928835754,0.059248759744861795,0.05671790492456591,0.9514514514514516,0.4756097560975605,0.05139372822299682,0.0,0.20949410763781243
svg/g_12/g_23/path_30,0.9999500399680257,0.1,0.7468876430356249,0.5180854952765099,0.5189318811079227,1e-08,0.5019607882352941,0.5019607882352941,0.1,0.017142857142857144,1.0,0.9970375246872943,0.12012524907486477,0.1312544294826364,0.1259607173356106,0.9988321654988325,1.0,0.0618466898954701,0.0,0.23129202675713323
svg/g_12/g_23/path_29,0.9999250599520385,0.1,0.7468876430356249,0.5180854952765099,0.5189318811079227,1e-08,0.5019607882352941,0.5019607882352941,0.1,0.017214285714285717,0.9993238674780254,1.0,0.1411898662112155,0.15038979447200565,0.14610019925989184,1.0,0.8414634146341448,0.07142857142857181,0.0,0.24761198388146896
svg/g_12/g_22/path_28,0.9999000799360511,0.1,0.7468876430356249,0.5180854952765099,0.5189318811079227,1e-08,0.5019607882352941,0.5019607882352941,0.1,0.01666666666666667,1.0,0.9980250164581963,0.618844292627384,0.6276399716513111,0.6245374323939653,0.9993326659993329,0.9756097560975604,0.06445993031358867,0.0,0.26247705004511906
svg/g_12/g_22/path_27,0.9998750999200641,0.1,0.7468876430356249,0.5180854952765099,0.5189318811079227,1e-08,0.5019607882352941,0.5019607882352941,0.1,0.016733333333333336,0.9993238674780254,1.0,0.6399089097637347,0.6470588235294118,0.6448192428124111,1.0,0.84146341463415,0.07142857142857181,0.0,0.24761198388146907
svg/g_12/g_21/path_26,0.9998501199040769,0.1,0.7468876430356249,0.5180854952765099,0.5189318811079227,1e-08,0.5019607882352941,0.5019607882352941,0.1,0.01625,0.8444895199459094,0.8449637919684003,0.03700540848277825,0.04181431608788093,0.03949615713065755,0.8450116783450119,0.42682926829268225,0.0601045296167248,0.0,0.22448286862820274
svg/g_12/g_21/path_25,0.9998251398880897,0.1,0.7468876430356249,0.5180854952765099,0.5189318811079227,1e-08,0.5019607882352941,0.5019607882352941,0.1,0.0163125,0.8461798512508452,0.8426596445029626,0.046683746085966406,0.04790928419560596,0.04739538855678906,0.8446780113446782,0.12195121951219592,0.04965156794425078,0.0,0.17097500784400135
svg/g_12/g_21/path_24,0.9998001598721024,0.1,0.7468876430356249,0.5180854952765099,0.5189318811079227,1e-08,0.5019607882352941,0.5019607882352941,0.1,0.016375,0.845841784989858,0.8433179723502305,0.05394249928835754,0.059248759744861795,0.05671790492456591,0.844844844844845,0.4756097560975605,0.052264808362369346,0.0,0.20964862869444614
svg/g_12/g_20/path_23,0.9997751798561152,0.1,0.7468876430356249,0.5180854952765099,0.5189318811079227,1e-08,0.5019607882352941,0.5019607882352941,0.1,0.015882352941176472,0.748816768086545,0.751810401579987,0.03700540848277825,0.04181431608788093,0.03949615713065755,0.750583917250584,0.42682926829268225,0.0601045296167248,0.0,0.22448286862820274
svg/g_12/g_20/path_22,0.999750199840128,0.1,0.7468876430356249,0.5180854952765099,0.5189318811079227,1e-08,0.5019607882352941,0.5019607882352941,0.1,0.015941176470588236,0.7498309668695065,0.7495062541145491,0.045402789638485624,0.050602409638554224,0.04810703102761172,0.7499165832499167,0.4634146341463417,0.05139372822299632,0.0,0.20973174134691755
svg/g_12/g_20/path_21,0.9997252198241409,0.1,0.7468876430356249,0.5180854952765099,0.5189318811079227,1e-08,0.5019607882352941,0.5019607882352941,0.1,0.016,0.7501690331304935,0.7498354180381832,0.05394249928835754,0.059248759744861795,0.05671790492456591,0.7502502502502504,0.4756097560975605,0.05139372822299682,0.0,0.2095818733122424
svg/g_12/g_19/path_20,0.9997002398081535,0.1,0.7468876430356249,0.5180854952765099,0.5189318811079227,1e-08,0.5019607882352941,0.5019607882352941,0.1,0.015555555555555559,0.6528059499661933,0.6583278472679396,0.03700540848277825,0.04181431608788093,0.03949615713065755,0.6558224891558226,0.42682926829268225,0.0601045296167248,0.0,0.22448286862820274
svg/g_12/g_19/path_19,0.9996752597921663,0.1,0.7468876430356249,0.5180854952765099,0.5189318811079227,1e-08,0.5019607882352941,0.5019607882352941,0.1,0.015611111111111114,0.6544962812711291,0.6566820276497698,0.04540278963848565,0.05060240963855424,0.048107031027611755,0.6558224891558226,0.4634146341463409,0.05139372822299682,0.0,0.2117890970766267
svg/g_12/g_19/path_18,0.9996502797761792,0.1,0.7468876430356249,0.5180854952765099,0.5189318811079227,1e-08,0.5019607882352941,0.5019607882352941,0.1,0.01566666666666667,0.6541582150101419,0.6566820276497697,0.05394249928835754,0.059248759744861795,0.05671790492456591,0.6556556556556558,0.4756097560975605,0.052264808362369346,0.0,0.20964862869444614
svg/g_12/g_18/path_17,0.9996252997601919,0.1,0.7468876430356249,0.5180854952765099,0.5189318811079227,1e-08,0.5019607882352941,0.5019607882352941,0.1,0.015263157894736843,0.5571331981068288,0.565174456879526,0.03686307998861372,0.04167257264351523,0.039353828636493025,0.5613947280613949,0.42682926829268225,0.0601045296167248,0.0,0.22448286862820274
svg/g_12/g_18/path_16,0.9996003197442047,0.1,0.7468876430356249,0.5180854952765099,0.5189318811079227,1e-08,0.5019607882352941,0.5019607882352941,0.1,0.015315789473684211,0.5588235294117646,0.5625411454904543,0.04511813265015656,0.05102763997165131,0.048178195274694,0.5608942275608944,0.5243902439024388,0.04878048780487825,0.0,0.20512665255312038
svg/g_12/g_18/path_15,0.9995753397282175,0.1,0.7468876430356249,0.5180854952765099,0.5189318811079227,1e-08,0.5019607882352941,0.5019607882352941,0.1,0.01536842105263158,0.5584854631507775,0.5631994733377222,0.05394249928835754,0.059248759744861795,0.05671790492456591,0.5610610610610611,0.4756097560975605,0.05139372822299657,0.0,0.20958187331224234
svg/g_12/g_17/path_14,0.9995503597122304,0.1,0.7468876430356249,0.5180854952765099,0.5189318811079227,1e-08,0.5019607882352941,0.5019607882352941,0.1,0.015000000000000003,0.4614604462474644,0.4720210664911126,0.03700540848277825,0.04181431608788093,0.03949615713065755,0.46696696696696705,0.42682926829268225,0.0601045296167248,0.0,0.22448286862820274
svg/g_12/g_17/path_13,0.999525379696243,0.1,0.7468876430356249,0.5180854952765099,0.5189318811079227,1e-08,0.5019607882352941,0.5019607882352941,0.1,0.015050000000000003,0.4621365787694389,0.4697169190256749,0.045402789638485624,0.05046066619418852,0.04803586678052946,0.46613279946613306,0.451219512195122,0.052264808362369096,0.0,0.2129575440280758
svg/g_12/g_17/path_12,0.9995003996802558,0.1,0.7468876430356249,0.5180854952765099,0.5189318811079227,1e-08,0.5019607882352941,0.5019607882352941,0.1,0.015100000000000002,0.4624746450304259,0.4700460829493089,0.05394249928835754,0.059248759744861795,0.05671790492456591,0.4664664664664666,0.4756097560975605,0.052264808362369596,0.0,0.2096486286944462
svg/g_12/g_16/path_11,0.9994754196642687,0.1,0.7468876430356249,0.5180854952765099,0.5189318811079227,1e-08,0.5019607882352941,0.5019607882352941,0.1,0.014761904761904764,0.3654496281271129,0.37853851217906526,0.03700540848277825,0.04181431608788093,0.03949615713065755,0.3722055388722056,0.42682926829268225,0.06010452961672467,0.0,0.2244828686282026
svg/g_12/g_16/path_10,0.9994504396482815,0.1,0.7468876430356249,0.5180854952765099,0.5189318811079227,1e-08,0.5019607882352941,0.5019607882352941,0.1,0.014809523809523812,0.3668018931710615,0.37656352863726145,0.04540278963848564,0.050602409638554224,0.048107031027611734,0.37187187187187204,0.4634146341463409,0.051393728222996454,0.0,0.21754869914243202
svg/g_12/g_16/path_9,0.9994254596322941,0.1,0.7468876430356249,0.5180854952765099,0.5189318811079227,1e-08,0.5019607882352941,0.5019607882352941,0.1,0.014857142857142859,0.3668018931710615,0.37656352863726145,0.05394249928835754,0.059248759744861795,0.05671790492456591,0.371871871871872,0.4756097560975605,0.05139372822299657,0.0,0.2095818733122423
svg/g_12/g_15/path_8,0.9994004796163071,0.1,0.7468876430356249,0.5180854952765099,0.5189318811079227,1e-08,0.5019607882352941,0.5019607882352941,0.1,0.014545454545454549,0.2694388100067614,0.2850559578670179,0.03700540848277825,0.04181431608788093,0.03949615713065755,0.2774441107774442,0.42682926829268225,0.06010452961672467,0.0,0.2244828686282026
svg/g_12/g_15/path_7,0.9993754996003199,0.1,0.7468876430356249,0.5180854952765099,0.5189318811079227,1e-08,0.5019607882352941,0.5019607882352941,0.1,0.014590909090909094,0.2714672075726842,0.28275181040158004,0.0456874466268147,0.05060240963855423,0.04824935952177627,0.2772772772772773,0.4390243902439024,0.048780487804878134,0.0,0.18781898696653584
svg/g_12/g_15/path_6,0.9993505195843327,0.1,0.7468876430356249,0.5180854952765099,0.5189318811079227,1e-08,0.5019607882352941,0.5019607882352941,0.1,0.01463636363636364,0.27079107505071,0.283410138248848,0.05394249928835754,0.059248759744861795,0.05671790492456591,0.2772772772772773,0.4756097560975605,0.05226480836236922,0.0,0.20960006983608948
svg/g_12/g_14/path_5,0.9993255395683454,0.1,0.7468876430356249,0.5180854952765099,0.5189318811079227,1e-08,0.5019607882352941,0.5019607882352941,0.1,0.014347826086956523,0.17410412440838405,0.19223173140223834,0.03700540848277825,0.04181431608788093,0.03949615713065755,0.18335001668335008,0.42682926829268225,0.06010452961672474,0.0,0.22448286862820258
svg/g_12/g_14/path_4,0.9993005595523582,0.1,0.7468876430356249,0.5180854952765099,0.5189318811079227,1e-08,0.5019607882352941,0.5019607882352941,0.1,0.014391304347826088,0.1751183231913455,0.1902567478604345,0.04540278963848564,0.050744153082919914,0.048178195274694004,0.18284951618284956,0.4756097560975605,0.052264808362369346,0.0,0.22429793700323725
svg/g_12/g_14/path_3,0.999275579536371,0.1,0.7468876430356249,0.5180854952765099,0.5189318811079227,1e-08,0.5019607882352941,0.5019607882352941,0.1,0.014434782608695653,0.1751183231913455,0.18992758393680056,0.05394249928835754,0.059248759744861795,0.05671790492456591,0.18268268268268273,0.4756097560975605,0.05139372822299651,0.0,0.2095818733122423
svg/g_12/g_13/path_2,0.9992505995203839,0.1,0.7468876430356249,0.5180854952765099,0.5189318811079227,1e-08,0.5019607882352941,0.5019607882352941,0.1,0.014166666666666668,0.0777552400270453,0.09874917709019093,0.03700540848277825,0.04181431608788093,0.03949615713065755,0.08842175508842177,0.42682926829268225,0.0609756097560976,0.0,0.22473296284554534
svg/g_12/g_13/path_1,0.9992256195043965,0.1,0.7468876430356249,0.5180854952765099,0.5189318811079227,1e-08,0.5019607882352941,0.5019607882352941,0.1,0.014208333333333335,0.07944557133198106,0.09677419354838711,0.045402789638485624,0.050602409638554224,0.04810703102761172,0.08825492158825494,0.4634146341463409,0.051393728222996544,0.0,0.2176738292687427
svg/g_12/g_13/path,0.9992006394884093,0.1,0.7468876430356249,0.5180854952765099,0.5189318811079227,1e-08,0.5019607882352941,0.5019607882352941,0.1,0.01425,0.07910750507099391,0.09677419354838711,0.05394249928835754,0.059248759744861795,0.05671790492456591,0.0880880880880881,0.4756097560975605,0.052264808362369346,0.0,0.20960006983608953
svg/g_11/line_55,0.2511740607513989,0.1,1e-08,0.5019607882352941,0.5019607882352941,0.2124673129498138,0.5019674082633003,0.501947678470173,0.1,0.1,0.4918864097363083,0.6122448979591838,0.08738969541702249,0.08703047484053862,0.08738969541702249,0.5530530530530532,0.0,0.3527874564459931,0.0,0.21768071461422386
svg/g_11/line_54,0.25114908073541165,0.1,1e-08,0.5019607882352941,0.5019607882352941,0.2124673129498138,0.5019674082633003,0.501947678470173,0.1,0.10500000000000001,0.5676132521974306,0.6464779460171166,0.1040421292342727,0.1036144578313253,0.1040421292342727,0.6077744411077746,0.0,0.2482578397212544,0.0,0.1977394290342757
svg/g_11/line_53,0.2511241007194245,0.1,1e-08,0.5019607882352941,0.5019607882352941,0.2124673129498138,0.5019674082633003,0.501947678470173,0.1,0.11000000000000001,0.5676132521974306,0.6464779460171166,0.12055223455735839,0.12005669737774628,0.12055223455735839,0.6077744411077746,0.0,0.2482578397212544,0.0,0.1977394290342757
svg/g_11/line_52,0.25109912070343726,0.1,1e-08,0.5019607882352941,0.5019607882352941,0.2124673129498138,0.5019674082633003,0.501947678470173,0.1,0.07666666666666666,0.7089249492900608,0.794930875576037,0.1372046683746086,0.13664068036853297,0.1372046683746086,0.7527527527527529,0.0,0.27700348432055766,0.0,0.2039349153060949
svg/g_11/line_51,0.2510741406874501,0.1,1e-08,0.5019607882352941,0.5019607882352941,0.2124673129498138,0.5019674082633003,0.501947678470173,0.1,0.060000000000000005,0.6406355645706558,0.8015141540487164,0.1870196413321947,0.1862508858965273,0.1870196413321947,0.7223890557223892,0.0,0.4703832752613241,0.0,0.2341360523873532
svg/g_11/line_50,0.2510491606714628,0.1,1e-08,0.5019607882352941,0.5019607882352941,0.2124673129498138,0.5019674082633003,0.501947678470173,0.1,0.05000000000000001,0.30155510480054093,0.4391046741277157,0.2533447196128665,0.2523033309709426,0.2533447196128665,0.37137137137137144,0.0,0.3850174216027875,0.0,0.22267058563174355
svg/g_11/line_49,0.25102418065547566,0.1,1e-08,0.5019607882352941,0.5019607882352941,0.2124673129498138,0.5019674082633003,0.501947678470173,0.1,0.043333333333333335,0.5321162947937795,0.6313364055299541,0.3031596925704526,0.30191353649893693,0.3031596925704526,0.5825825825825828,0.0,0.29965156794425096,0.0,0.20839191226930193
svg/g_11/line_48,0.2509992006394884,0.1,1e-08,0.5019607882352941,0.5019607882352941,0.2124673129498138,0.5019674082633003,0.501947678470173,0.1,0.038571428571428576,0.5706558485463151,0.6810401579986834,0.3196697978935383,0.3183557760453579,0.3196697978935383,0.6267934601267936,0.0,0.33188153310104535,0.0,0.2142001681200703
svg/g_11/line_47,0.2509742206235013,0.1,1e-08,0.5019607882352941,0.5019607882352941,0.2124673129498138,0.5019674082633003,0.501947678470173,0.1,0.035,0.6781609195402298,0.7768268597761686,0.3529746655280387,0.35152374202693126,0.3529746655280387,0.7283950617283953,0.0,0.30836236933797917,0.0,0.21001950774424125
svg/g_11/line_46,0.250949240607514,0.1,1e-08,0.5019607882352941,0.5019607882352941,0.2124673129498138,0.5019674082633003,0.501947678470173,0.1,0.03222222222222222,0.4628127112914131,0.5789993416721528,0.40264730999146026,0.40099220411055986,0.40264730999146026,0.5218551885218553,0.0,0.33972125435540074,0.0,0.21552978831455635
svg/g_11/line_45,0.25092426059152684,0.1,1e-08,0.5019607882352941,0.5019607882352941,0.2124673129498138,0.5019674082633003,0.501947678470173,0.1,0.030000000000000006,0.5544286680189316,0.6685319289005925,0.41929974380871055,0.4175761871013466,0.41929974380871055,0.6124457791124459,0.0,0.3405923344947736,0.0,0.2156756732824287
svg/g_11/line_44,0.25089928057553956,0.1,1e-08,0.5019607882352941,0.5019607882352941,0.2124673129498138,0.5019674082633003,0.501947678470173,0.1,0.028181818181818186,0.4888438133874239,0.6293614219881501,0.5354397950469684,0.5332388377037561,0.5354397950469684,0.5602268935602269,0.0,0.40592334494773524,0.0,0.22569334066894936
svg/g_11/line_43,0.25087430055955245,0.1,1e-08,0.5019607882352941,0.5019607882352941,0.2124673129498138,0.5019674082633003,0.501947678470173,0.1,0.02666666666666667,0.5581473968897903,0.641869651086241,0.5519499003700541,0.5496810772501772,0.5519499003700541,0.6007674341007676,0.0,0.260452961672474,0.0,0.20044844600464987
svg/g_11/line_42,0.2508493205435652,0.1,1e-08,0.5019607882352941,0.5019607882352941,0.2124673129498138,0.5019674082633003,0.501947678470173,0.1,0.025384615384615387,0.4989858012170385,0.6066491112574063,0.5686023341873043,0.5662650602409639,0.5686023341873043,0.5537203870537205,0.0,0.319686411149826,0.0,0.21206978475238986
svg/g_11/line_41,0.250824340527578,0.1,1e-08,0.5019607882352941,0.5019607882352941,0.2124673129498138,0.5019674082633003,0.501947678470173,0.1,0.024285714285714285,0.49526707234617984,0.7185648452929561,0.43580984913179616,0.4340184266477675,0.43580984913179616,0.6086086086086088,0.0,0.6254355400696866,0.0,0.25051794824771406
svg/g_11/line_40,0.25079936051159074,0.1,1e-08,0.5019607882352941,0.5019607882352941,0.2124673129498138,0.5019674082633003,0.501947678470173,0.1,0.023333333333333338,0.44388100067613256,0.6385780118499014,0.4691147167662966,0.4671863926293409,0.4691147167662966,0.5427093760427095,0.0,0.5461672473867596,0.0,0.24271612302037707
svg/g_11/line_39,0.25077438049560347,0.1,1e-08,0.5019607882352941,0.5019607882352941,0.2124673129498138,0.5019674082633003,0.501947678470173,0.1,0.022500000000000003,0.2647058823529412,0.41507570770243585,0.5022772559066324,0.5002126151665485,0.5022772559066324,0.34100767434100776,0.0,0.4163763066202091,0.0,0.22714802740982326
svg/g_11/line_38,0.25074940047961636,0.1,1e-08,0.5019607882352941,0.5019607882352941,0.2124673129498138,0.5019674082633003,0.501947678470173,0.1,0.021764705882352943,0.3630831643002028,0.6073074391046742,0.48562482208938224,0.48362863217576185,0.48562482208938224,0.48698698698698706,0.0,0.6716027874564461,0.0,0.25462384610626837
svg/g_11/line_37,0.2507244204636291,0.1,1e-08,0.5019607882352941,0.5019607882352941,0.2124673129498138,0.5019674082633003,0.501947678470173,0.1,0.021111111111111115,0.323867478025693,0.6043449637919684,0.5187873612297181,0.5166548547129696,0.5187873612297181,0.46613279946613284,0.0,0.764808362369338,0.0,0.26212566092203937
svg/g_11/line_36,0.2506994404476419,0.1,1e-08,0.5019607882352941,0.5019607882352941,0.2124673129498138,0.5019674082633003,0.501947678470173,0.1,0.020526315789473684,0.46653144016227177,0.6550362080315998,0.45246228294904633,0.4506024096385542,0.45246228294904633,0.562228895562229,0.0,0.5313588850174217,0.0,0.24113566502220032
svg/g_11/line_35,0.25067446043165464,0.1,1e-08,0.5019607882352941,0.5019607882352941,0.2124673129498138,0.5019674082633003,0.501947678470173,0.1,0.020000000000000004,0.6781609195402298,0.838709677419355,0.3694847708511244,0.36796598157335225,0.3694847708511244,0.7597597597597598,0.0,0.4721254355400699,0.0,0.2343481284796472
svg/g_11/line_34,0.2506494804156675,0.1,1e-08,0.5019607882352941,0.5019607882352941,0.2124673129498138,0.5019674082633003,0.501947678470173,0.1,0.019523809523809527,0.7474645030425963,0.923963133640553,0.3861372046683746,0.3845499645641389,0.3861372046683746,0.8371705038371707,0.0,0.5191637630662022,0.0,0.23980122432531661
svg/g_11/line_33,0.25062450039968026,0.1,1e-08,0.5019607882352941,0.5019607882352941,0.2124673129498138,0.5019674082633003,0.501947678470173,0.1,0.019090909090909096,0.6348884381338743,0.7320605661619488,0.3363222317107885,0.3349397590361446,0.3363222317107885,0.6843510176843511,0.0,0.30139372822299654,0.0,0.2087210787696776
svg/g_11/line_32,0.2505995203836931,0.1,1e-08,0.5019607882352941,0.5019607882352941,0.2124673129498138,0.5019674082633003,0.501947678470173,0.1,0.018695652173913044,0.24577417173766059,0.3663594470046083,0.2699971534301167,0.26888731396172927,0.2699971534301167,0.3069736403069737,0.0,0.3362369337979095,0.0,0.2149425783539328
svg/g_11/line_31,0.2505745403677058,0.1,1e-08,0.5019607882352941,0.5019607882352941,0.2124673129498138,0.5019674082633003,0.501947678470173,0.1,0.018333333333333333,0.29242731575388775,0.5796576695194208,0.2865072587532024,0.28532955350815026,0.2865072587532024,0.4381047714381049,0.0,0.7804878048780488,0.0,0.26329814640716587
svg/g_11/line_30,0.25054956035171866,0.1,1e-08,0.5019607882352941,0.5019607882352941,0.2124673129498138,0.5019674082633003,0.501947678470173,0.1,0.018000000000000002,0.46754563894523327,0.8331138907175775,0.22018218047253058,0.21927710843373494,0.22018218047253058,0.6529863196529865,0.0,1.0,0.0,0.2776367123305284
svg/g_11/line_29,0.25052458033573144,0.1,1e-08,0.5019607882352941,0.5019607882352941,0.2124673129498138,0.5019674082633003,0.501947678470173,0.1,0.017692307692307695,0.40872210953346855,0.6441737985516788,0.2366922857956163,0.23571934798015592,0.2366922857956163,0.5281948615281951,0.0,0.6515679442508711,0.0,0.25287736301026725
svg/g_11/line_28,0.2504996003197443,0.1,1e-08,0.5019607882352941,0.5019607882352941,0.2124673129498138,0.5019674082633003,0.501947678470173,0.1,0.01740740740740741,0.8089925625422583,0.8722843976300199,0.1703672075149445,0.1696669029057406,0.1703672075149445,0.8413413413413415,0.0,0.22386759581881527,0.0,0.1919127072984232
svg/g_11/line_27,0.250474620303757,0.1,1e-08,0.5019607882352941,0.5019607882352941,0.2124673129498138,0.5019674082633003,0.501947678470173,0.1,0.017142857142857144,0.7214334009465855,0.8015141540487164,0.20352974665528037,0.20269312544294826,0.20352974665528037,0.7622622622622623,0.0,0.2621951219512195,0.0,0.20082539504942043
svg/g_11/line_26,0.25044964028776984,0.1,1e-08,0.5019607882352941,0.5019607882352941,0.2124673129498138,0.5019674082633003,0.501947678470173,0.1,0.016896551724137933,0.801893171061528,0.8854509545753787,0.1538571021918588,0.1532246633593196,0.1538571021918588,0.8445111778445114,0.0,0.27700348432055766,0.0,0.2039349153060949
svg/g_11/line_25,0.25042466027178256,0.1,1e-08,0.5019607882352941,0.5019607882352941,0.2124673129498138,0.5019674082633003,0.501947678470173,0.1,0.01666666666666667,0.5611899932386748,0.6731402238314682,0.5852547680045544,0.5828490432317505,0.5852547680045544,0.6181181181181182,0.0,0.33536585365853666,0.0,0.21479484907351504
svg/g_11/line_24,0.25039968025579545,0.1,1e-08,0.5019607882352941,0.5019607882352941,0.2124673129498138,0.5019674082633003,0.501947678470173,0.1,0.016451612903225808,0.6152805949966194,0.6731402238314682,0.6017648733276402,0.5992912827781716,0.6017648733276402,0.6448114781448117,0.0,0.19599303135888504,0.0,0.18445374562744746
svg/g_11/line_23,0.2503747002398082,0.1,1e-08,0.5019607882352941,0.5019607882352941,0.2124673129498138,0.5019674082633003,0.501947678470173,0.1,0.01625,0.5611899932386748,0.664911125740619,0.6184173071448904,0.6158752657689582,0.6184173071448904,0.6139472806139474,0.0,0.31358885017421606,0.0,0.21097473718354035
svg/g_11/line_22,0.250349720223821,0.1,1e-08,0.5019607882352941,0.5019607882352941,0.2124673129498138,0.5019674082633003,0.501947678470173,0.1,0.016060606060606063,0.6085192697768762,0.6731402238314682,0.6349274124679761,0.6323175053153792,0.6349274124679761,0.641474808141475,0.0,0.2134146341463415,0.0,0.18922593971875132
svg/g_11/line_21,0.25032474020783374,0.1,1e-08,0.5019607882352941,0.5019607882352941,0.2124673129498138,0.5019674082633003,0.501947678470173,0.1,0.015882352941176472,0.5348208248816767,0.730085582620145,0.6515798462852262,0.6489014883061659,0.6515798462852262,0.6339673006339674,0.0,0.5540069686411153,0.0,0.2435358435486554
svg/g_11/line_20,0.25029976019184647,0.1,1e-08,0.5019607882352941,0.5019607882352941,0.2124673129498138,0.5019674082633003,0.501947678470173,0.1,0.015714285714285715,0.5537525354969575,0.664911125740619,0.668089951608312,0.6653437278525868,0.668089951608312,0.6102769436102771,0.0,0.33275261324041805,0.0,0.21434940676897077
svg/g_11/line_19,0.25027478017585936,0.1,1e-08,0.5019607882352941,0.5019607882352941,0.2124673129498138,0.5019674082633003,0.501947678470173,0.1,0.015555555555555559,0.5943204868154158,0.7791310072416064,0.6847423854255622,0.6819277108433736,0.6847423854255622,0.6881881881881884,0.0,0.5304878048780487,0.0,0.24104135200853638
svg/g_11/line_18,0.2502498001598721,0.1,1e-08,0.5019607882352941,0.5019607882352941,0.2124673129498138,0.5019674082633003,0.501947678470173,0.1,0.015405405405405408,0.7400270453008789,0.8610928242264649,0.7013948192428124,0.6985116938341602,0.7013948192428124,0.8016349683016352,0.0,0.37195121951219534,0.0,0.2206987370997978
svg/g_11/line_17,0.2502248201438849,0.1,1e-08,0.5019607882352941,0.5019607882352941,0.2124673129498138,0.5019674082633003,0.501947678470173,0.1,0.015263157894736843,0.852603110209601,0.9325213956550363,0.717904924565898,0.7149539333805811,0.717904924565898,0.8933933933933936,0.0,0.27090592334494795,0.0,0.20267450188297376
svg/g_11/line_16,0.25019984012789764,0.1,1e-08,0.5019607882352941,0.5019607882352941,0.2124673129498138,0.5019674082633003,0.501947678470173,0.1,0.01512820512820513,0.7400270453008789,0.9265964450296249,0.7345573583831483,0.7315379163713679,0.7345573583831483,0.834834834834835,0.0,0.5452961672473868,0.0,0.24262432897277902
svg/g_11/line_15,0.25017486011191054,0.1,1e-08,0.5019607882352941,0.5019607882352941,0.2124673129498138,0.5019674082633003,0.501947678470173,0.1,0.015000000000000003,0.7400270453008789,0.8025016458196184,0.751067463706234,0.7479801559177889,0.751067463706234,0.7719386052719388,0.0,0.21689895470383286,0.0,0.19013532615901113
svg/g_11/line_14,0.25014988009592326,0.1,1e-08,0.5019607882352941,0.5019607882352941,0.2124673129498138,0.5019674082633003,0.501947678470173,0.1,0.014878048780487808,0.7880324543610547,0.8956550362080318,0.7677198975234841,0.7645641389085754,0.7677198975234841,0.842842842842843,0.0,0.339721254355401,0.0,0.21552978831455644
svg/g_11/line_13,0.2501249000799361,0.1,1e-08,0.5019607882352941,0.5019607882352941,0.2124673129498138,0.5019674082633003,0.501947678470173,0.1,0.014761904761904764,0.8373901284651791,0.9170506912442399,0.7843723313407345,0.7811481218993622,0.7843723313407345,0.8780447113780449,0.0,0.26916376306620243,0.0,0.2023093325737804
svg/g_11/line_12,0.2500999200639488,0.1,1e-08,0.5019607882352941,0.5019607882352941,0.2124673129498138,0.5019674082633003,0.501947678470173,0.1,0.014651162790697676,0.6534820824881677,0.7791310072416064,0.8008824366638201,0.7975903614457832,0.8008824366638201,0.7173840507173842,0.0,0.3780487804878047,0.0,0.2216272204185665
svg/g_11/line_11,0.25007494004796166,0.1,1e-08,0.5019607882352941,0.5019607882352941,0.2124673129498138,0.5019674082633003,0.501947678470173,0.1,0.014545454545454549,0.6501014198782962,0.7557603686635945,0.8175348704810702,0.8141743444365698,0.8175348704810702,0.7038705372038706,0.0,0.3249128919860626,0.0,0.2129923339078436
svg/g_11/line_10,0.25004996003197444,0.1,1e-08,0.5019607882352941,0.5019607882352941,0.2124673129498138,0.5019674082633003,0.501947678470173,0.1,0.014444444444444447,0.5943204868154158,0.751152073732719,0.8340449758041559,0.8306165839829908,0.8340449758041559,0.6740073406740075,0.0,0.45644599303135874,0.0,0.23241114780189603
svg/g_11/line_9,0.2500249800159873,0.1,1e-08,0.5019607882352941,0.5019607882352941,0.2124673129498138,0.5019674082633003,0.501947678470173,0.1,0.014347826086956523,0.6558485463150777,0.7557603686635945,0.8506974096214063,0.8472005669737775,0.8506974096214063,0.7067067067067069,0.0,0.3101045296167248,0.0,0.21033965593856882
svg/g_11/line_8,0.25,0.1,1e-08,0.5019607882352941,0.5019607882352941,0.2124673129498138,0.5019674082633003,0.501947678470173,0.1,0.014255319148936171,0.5145368492224476,0.6731402238314682,0.8672075149444918,0.8636428065201984,0.8672075149444918,0.5950950950950952,0.0,0.4555749128919862,0.0,0.2323016315575012
svg/g_11/line_7,0.24997501998401284,0.1,1e-08,0.5019607882352941,0.5019607882352941,0.2124673129498138,0.5019674082633003,0.501947678470173,0.1,0.014166666666666668,0.3914807302231237,0.5151415404871627,0.8838599487617421,0.8802267895109851,0.8838599487617421,0.45428762095428776,0.0,0.35452961672473876,0.0,0.21796161370950262
svg/g_11/line_6,0.2499500399680256,0.1,1e-08,0.5019607882352941,0.5019607882352941,0.2124673129498138,0.5019674082633003,0.501947678470173,0.1,0.014081632653061227,0.41041244083840434,0.511849901250823,0.9005123825789924,0.8968107725017719,0.9005123825789924,0.46196196196196204,0.0,0.2970383275261324,0.0,0.20789465906128787
svg/g_11/line_5,0.24992505995203843,0.1,1e-08,0.5019607882352941,0.5019607882352941,0.2124673129498138,0.5019674082633003,0.501947678470173,0.1,0.014000000000000002,0.4469235970250168,0.6537195523370639,0.9170224879020779,0.9132530120481928,0.9170224879020779,0.5518852185518852,0.0,0.5783972125435541,0.0,0.24601493235773114
svg/g_11/line_4,0.24990007993605118,0.1,1e-08,0.5019607882352941,0.5019607882352941,0.2124673129498138,0.5019674082633003,0.501947678470173,0.1,0.013921568627450982,0.30628803245436104,0.37788018433179726,0.9336749217193282,0.9298369950389794,0.9336749217193282,0.3426760093426761,0.0,0.21080139372822304,0.0,0.188534489053799
svg/g_11/line_3,0.24987509992006401,0.1,1e-08,0.5019607882352941,0.5019607882352941,0.2124673129498138,0.5019674082633003,0.501947678470173,0.1,0.013846153846153848,0.22650439486139282,0.42495062541145495,0.9501850270424139,0.9462792345854004,0.9501850270424139,0.32716049382716056,0.0,0.5409407665505227,0.0,0.24216318293816902
svg/g_11/line_2,0.24985011990407677,0.1,1e-08,0.5019607882352941,0.5019607882352941,0.2124673129498138,0.5019674082633003,0.501947678470173,0.1,0.013773584905660378,0.17613252197430695,0.3100724160631995,0.966837460859664,0.9628632175761871,0.966837460859664,0.2440774107440775,0.0,0.36672473867595823,0.0,0.2198909790829303
svg/g_11/line_1,0.2498251398880896,0.1,1e-08,0.5019607882352941,0.5019607882352941,0.2124673129498138,0.5019674082633003,0.501947678470173,0.1,0.013703703703703706,0.12373225152129817,0.25148123765635294,0.9833475661827498,0.9793054571226081,0.9833475661827498,0.1885218551885219,0.0,0.3466898954703833,0.0,0.21668679442503194
svg/g_11/line,0.24980015987210233,0.1,1e-08,0.5019607882352941,0.5019607882352941,0.2124673129498138,0.5019674082633003,0.501947678470173,0.1,0.013636363636363637,0.19641649763353616,0.3624094799210007,1.0,0.9958894401133948,1.0,0.280613947280614,0.0,0.4529616724738676,0.0,0.23197184573775276
svg/g/rect_55,0.001373900879296578,0.1,0.4441414217412245,0.7585606705886321,0.6581089565607983,1e-08,0.5019607882352941,0.5019607882352941,0.1,0.1,0.5209601081812035,0.5977616853192891,0.08326216908625106,0.09114103472714387,0.08738969541702249,0.5600600600600601,0.707317073170731,0.23954703832752616,0.8407736992274373,0.24954684169382274
svg/g/rect_54,0.001348920863309315,0.1,0.7371268713155574,0.4368288817561387,0.6567770787918451,1e-08,0.5019607882352941,0.5019607882352941,0.1,0.10333333333333333,0.5767410412440838,0.5977616853192891,0.09991460290350128,0.10772501771793054,0.1040421292342727,0.5875875875875877,0.707317073170731,0.09581881533101047,0.7039457470918068,0.21344820279483712
svg/g/rect_53,0.001323940847322163,0.1,0.4441414217412245,0.7585606705886321,0.6581089565607983,1e-08,0.5019607882352941,0.5019607882352941,0.1,0.10666666666666667,0.5899256254225828,0.7369980250164583,0.11642470822658696,0.12416725726435152,0.12055223455735836,0.6646646646646648,0.707317073170731,0.43031358885017434,0.9313349856750299,0.27743454292715874
svg/g/rect_52,0.0012989608313349,0.1,0.4441414217412245,0.7585606705886321,0.6581089565607983,1e-08,0.5019607882352941,0.5019607882352941,0.1,0.11000000000000001,0.31473968897903987,0.5585911784068467,0.282379732422431,0.28944011339475545,0.2865072587532024,0.43843843843843844,0.7073170731707327,0.667247386759582,1.0,0.3
svg/g/rect_51,0.001273980815347748,0.1,0.4441414217412245,0.7585606705886321,0.6581089565607983,1e-08,0.5019607882352941,0.5019607882352941,0.1,0.08500000000000002,0.7643678160919539,0.8660302830809745,0.1497295758610874,0.1573352232459249,0.1538571021918588,0.8161494828161496,0.707317073170731,0.32229965156794455,0.8864483997080301,0.26329814640716587
svg/g/rect_50,0.001249000799360485,0.1,0.7371268713155574,0.4368288817561387,0.6567770787918451,1e-08,0.5019607882352941,0.5019607882352941,0.1,0.07,0.8336713995943205,0.8548387096774195,0.16623968118417307,0.17377746279234585,0.1703672075149445,0.8446780113446782,0.707317073170731,0.11411149825783969,0.7293769544401759,0.21948287335422811
svg/g/rect_49,0.0012240207833733331,0.1,0.7371268713155574,0.4368288817561387,0.6567770787918451,1e-08,0.5019607882352941,0.5019607882352941,0.1,0.060000000000000005,0.7552400270453009,0.7630019749835419,0.18289211500142327,0.19036144578313255,0.1870196413321947,0.7594260927594263,0.7073170731707327,0.07317073170731714,0.6655343892759622,0.2049940421798595
svg/g/rect_48,0.00119904076738607,0.1,0.4441414217412245,0.7585606705886321,0.6581089565607983,1e-08,0.5019607882352941,0.5019607882352941,0.1,0.05285714285714286,0.7325895875591615,0.7560895325872286,0.19940222032450894,0.2068036853295535,0.20352974665528037,0.7447447447447448,0.7073170731707327,0.11324041811846691,0.7282536193587134,0.21920921056221723
svg/g/rect_47,0.0011740607513989181,0.1,0.4441414217412245,0.7585606705886321,0.6581089565607983,1e-08,0.5019607882352941,0.5019607882352941,0.1,0.04750000000000001,0.5899256254225828,0.6415404871626071,0.3155422715627668,0.32246633593196317,0.3196697978935383,0.616282949616283,0.7073170731707327,0.17770034843205584,0.7953520019990561,0.2366315305822307
svg/g/rect_46,0.0011490807354116552,0.1,0.4441414217412245,0.7585606705886321,0.6581089565607983,1e-08,0.5019607882352941,0.5019607882352941,0.1,0.043333333333333335,0.506761325219743,0.5605661619486505,0.39851978366068885,0.40510276399716516,0.40264730999146026,0.534200867534201,0.7073170731707327,0.17770034843205584,0.7953520019990561,0.2366315305822307
svg/g/rect_45,0.001124100719424503,0.1,0.4441414217412245,0.7585606705886321,0.6581089565607983,1e-08,0.5019607882352941,0.5019607882352941,0.1,0.04,0.49459093982420554,0.5026333113890719,0.46498719043552517,0.4712969525159461,0.4691147167662966,0.4988321654988323,0.7073170731707327,0.05574912891986068,0.6280446234384509,0.19754103529771638
svg/g/rect_44,0.0010991207034372402,0.1,0.4441414217412245,0.7585606705886321,0.6581089565607983,1e-08,0.5019607882352941,0.5019607882352941,0.1,0.03727272727272728,0.5740365111561866,0.5799868334430548,0.5478223740392826,0.5537916371367824,0.5519499003700541,0.577243910577244,0.7073170731707327,0.05574912891986068,0.6280446234384509,0.19754103529771638
svg/g/rect_43,0.001074140687450088,0.1,0.4441414217412245,0.7585606705886321,0.6581089565607983,1e-08,0.5019607882352941,0.5019607882352941,0.1,0.035,0.5706558485463151,0.6369321922317315,0.581127241673783,0.5869596031183558,0.5852547680045547,0.604437771104438,0.7073170731707327,0.21515679442508703,0.8243705612284917,0.24478853562237937
svg/g/rect_42,0.0010491606714628252,0.1,0.4441414217412245,0.7585606705886321,0.6581089565607983,1e-08,0.5019607882352941,0.5019607882352941,0.1,0.03307692307692308,0.6223799864773495,0.6326530612244898,0.614289780814119,0.6199858256555634,0.6184173071448904,0.6277944611277946,0.7073170731707327,0.07055749128919857,0.6604425802388847,0.20393491530609487
svg/g/rect_41,0.0010241806554756733,0.1,0.4441414217412245,0.7585606705886321,0.6581089565607983,1e-08,0.5019607882352941,0.5019607882352941,0.1,0.03142857142857143,0.6304935767410412,0.6369321922317315,0.6474523199544548,0.653012048192771,0.6515798462852262,0.6339673006339674,0.7073170731707327,0.060975609756097573,0.6402446836153698,0.19987842295377756
svg/g/rect_40,0.0009992006394884101,0.1,0.4441414217412245,0.7585606705886321,0.6581089565607983,1e-08,0.5019607882352941,0.5019607882352941,0.1,0.030000000000000006,0.903313049357674,0.902567478604345,0.7802448050099631,0.7852586817859674,0.7843723313407345,0.9032365699032368,0.7073170731707258,0.060975609756097573,0.6402446836153698,0.19987842295377756
svg/g/rect_39,0.0009742206235011473,0.1,0.4441414217412245,0.7585606705886321,0.6581089565607983,1e-08,0.5019607882352941,0.5019607882352941,0.1,0.028750000000000005,0.427315753887762,0.4331797235023042,0.8963848562482208,0.9009213323883769,0.9005123825789922,0.43043043043043056,0.7073170731707258,0.045296167247386665,0.6004280663419195,0.1925655286070738
svg/g/rect_38,0.0009492406075139952,0.1,0.4441414217412245,0.7585606705886321,0.6581089565607983,1e-08,0.5019607882352941,0.5019607882352941,0.1,0.027647058823529417,0.2234617985125084,0.26793943383805136,0.9958724736692286,1.0,1.0,0.24607941274607947,0.7073170731707258,0.1332752613240418,0.7522776562943301,0.2252002837405563
svg/g/rect_37,0.0009242605915267323,0.1,0.4441414217412245,0.7585606705886321,0.6581089565607983,1e-08,0.5019607882352941,0.5019607882352941,0.1,0.02666666666666667,0.7626774847870182,0.7774851876234365,0.7469399373754625,0.7520907158043939,0.7510674637062339,0.7704371037704373,0.7073170731707258,0.09233449477351913,0.6986056952646169,0.21222455808601742
svg/g/rect_36,0.0008992805755395803,0.1,0.4441414217412245,0.7585606705886321,0.6581089565607983,1e-08,0.5019607882352941,0.5019607882352941,0.1,0.02578947368421053,0.6798512508451656,0.73963133640553,0.6806148590947907,0.6860382707299787,0.6847423854255622,0.7103770437103772,0.7073170731707327,0.20557491289198604,0.817434754111408,0.24280777307725315
svg/g/rect_35,0.0008743005595523174,0.1,0.4441414217412245,0.7585606705886321,0.6581089565607983,1e-08,0.5019607882352941,0.5019607882352941,0.1,0.025,0.7647058823529411,0.8429888084265966,0.6972672929120409,0.7026222537207654,0.7013948192428124,0.8046379713046382,0.7073170731707327,0.2604529616724737,0.8536043822499261,0.2533380242608406
svg/g/rect_34,0.0008493205435651653,0.1,0.4441414217412245,0.7585606705886321,0.6581089565607983,1e-08,0.5019607882352941,0.5019607882352941,0.1,0.024285714285714285,0.8171061528059499,0.882159315339039,0.7635923711927127,0.7686746987951807,0.7677198975234841,0.8503503503503506,0.7073170731707258,0.2290940766550524,0.8339492737949469,0.24755482264172055
svg/g/rect_33,0.0008243405275779024,0.1,0.4441414217412245,0.7585606705886321,0.6581089565607983,1e-08,0.5019607882352941,0.5019607882352941,0.1,0.023636363636363636,0.6751183231913455,0.7389730085582621,0.8299174494733845,0.834727143869596,0.8340449758041559,0.7077077077077079,0.7073170731707258,0.21602787456446007,0.824986384369561,0.24496531911361352
svg/g/rect_32,0.0007993605115907504,0.1,0.4441414217412245,0.7585606705886321,0.6581089565607983,1e-08,0.5019607882352941,0.5019607882352941,0.1,0.023043478260869568,0.46213657876943876,0.6398946675444372,0.9128949615713066,0.9173635719347979,0.9170224879020779,0.5523857190523858,0.7073170731707258,0.5026132404181184,0.9555818437359351,0.28528697612585224
svg/g/rect_31,0.0007743804956034875,0.1,0.7371268713155574,0.4368288817561387,0.6567770787918451,1e-08,0.5019607882352941,0.5019607882352941,0.1,0.022500000000000003,0.6676808654496281,0.7317314022383148,0.8465698832906347,0.8513111268603826,0.850697409621406,0.7003670337003672,0.7073170731707258,0.21602787456446007,0.824986384369561,0.24496531911361352
svg/g/rect_30,0.0007494004796163355,0.1,0.7371268713155574,0.4368288817561387,0.6567770787918451,1e-08,0.5019607882352941,0.5019607882352941,0.1,0.022000000000000002,0.5429344151453684,0.6530612244897961,0.8630799886137204,0.8677533664068036,0.8672075149444918,0.5989322655989324,0.7073170731707258,0.32926829268292673,0.8897583405950774,0.26432096288650453
svg/g/rect_29,0.0007244204636290725,0.1,0.7371268713155574,0.4368288817561387,0.6567770787918451,1e-08,0.5019607882352941,0.5019607882352941,0.1,0.02153846153846154,0.4164976335361731,0.5046082949308757,0.8797324224309707,0.8843373493975903,0.8838599487617421,0.4612946279612947,0.7073170731707258,0.26219512195121963,0.8546284303425355,0.2536431262558632
svg/g/rect_28,0.0006994404476419205,0.1,0.7371268713155574,0.4368288817561387,0.6567770787918451,1e-08,0.5019607882352941,0.5019607882352941,0.1,0.021111111111111115,0.3343475321162948,0.5046082949308757,0.9295473953885568,0.9339475549255847,0.9336749217193282,0.42075408742075415,0.7073170731707258,0.47386759581881543,0.9463780544839243,0.28229006798102907
svg/g/rect_27,0.0006744604316546575,0.1,0.7371268713155574,0.4368288817561387,0.6567770787918451,1e-08,0.5019607882352941,0.5019607882352941,0.1,0.020714285714285716,0.2508451656524679,0.3426596445029625,0.9460575007116425,0.9503897944720057,0.9501850270424139,0.2974641307974642,0.7073170731707258,0.26045296167247384,0.8536043822499261,0.2533380242608406
svg/g/rect_26,0.0006494804156675055,0.1,0.7371268713155574,0.4368288817561387,0.6567770787918451,1e-08,0.5019607882352941,0.5019607882352941,0.1,0.0203448275862069,0.1460446247464503,0.24094799210006587,0.9792200398519784,0.9834160170092132,0.9833475661827498,0.19419419419419426,0.7073170731707258,0.2613240418118467,0.8541172282437041,0.2534907744113164
svg/g/rect_25,0.0006245003996802425,0.1,0.7371268713155574,0.4368288817561387,0.6567770787918451,1e-08,0.5019607882352941,0.5019607882352941,0.1,0.020000000000000004,0.21737660581473967,0.24094799210006587,0.9627099345288926,0.9669737774627922,0.966837460859664,0.2293960627293961,0.7073170731707258,0.07752613240418124,0.6736753280536651,0.20671767452720233
svg/g/rect_24,0.0005995203836930905,0.1,0.4441414217412245,0.7585606705886321,0.6581089565607983,1e-08,0.5019607882352941,0.5019607882352941,0.1,0.019677419354838712,0.8630831643002028,0.91540487162607,0.7137773982351266,0.7190644932671864,0.717904924565898,0.8898898898898903,0.7073170731707327,0.1986062717770036,0.8121940641347781,0.24132383555289322
svg/g/rect_23,0.0005745403677058276,0.1,0.7371268713155574,0.4368288817561387,0.6567770787918451,1e-08,0.5019607882352941,0.5019607882352941,0.1,0.019375000000000003,0.7562542258282623,0.894009216589862,0.7304298320523769,0.735648476257973,0.7345573583831483,0.8263263263263265,0.7073170731707258,0.41724738675958173,0.9265307277423982,0.2758955540586856
svg/g/rect_22,0.0005495603517186756,0.1,0.7371268713155574,0.4368288817561387,0.6567770787918451,1e-08,0.5019607882352941,0.5019607882352941,0.1,0.019090909090909096,0.6744421906693712,0.7583936800526664,0.7967549103330486,0.8017009213323882,0.80088243666382,0.7172172172172173,0.7073170731707258,0.2691637630662022,0.8586601067691499,0.2548478472724436
svg/g/rect_21,0.0005245803357314126,0.1,0.7371268713155574,0.4368288817561387,0.6567770787918451,1e-08,0.5019607882352941,0.5019607882352941,0.1,0.01882352941176471,0.6612576064908722,0.6635944700460831,0.8134073441502989,0.818284904323175,0.8175348704810702,0.6626626626626628,0.7073170731707258,0.052264808362369346,0.6193598260439019,0.19592915654090223
svg/g/rect_20,0.0004996003197441497,0.1,0.4441414217412245,0.7585606705886321,0.6581089565607983,1e-08,0.5019607882352941,0.5019607882352941,0.1,0.018571428571428572,0.6609195402298851,0.65339038841343,0.6639624252775406,0.6694542877391921,0.668089951608312,0.6573239906573242,0.7073170731707327,0.026132404181184673,0.532554678100141,0.1821721451282707
svg/g/rect_19,0.0004746203037569976,0.1,0.4441414217412245,0.7585606705886321,0.6581089565607983,1e-08,0.5019607882352941,0.5019607882352941,0.1,0.018333333333333333,0.3647734956051386,0.3861092824226465,0.49814972957586107,0.5043231750531538,0.5022772559066324,0.3757090423757091,0.7073170731707327,0.08188153310104536,0.6814208033572445,0.20839191226930193
svg/g/rect_18,0.0004496402877697347,0.1,0.4441414217412245,0.7585606705886321,0.6581089565607983,1e-08,0.5019607882352941,0.5019607882352941,0.1,0.01810810810810811,0.38235294117647056,0.5915075707702436,0.5146598348989467,0.5207654145995747,0.5187873612297181,0.4884884884884885,0.7073170731707327,0.5801393728222997,0.97804286153531,0.2926779291338367
svg/g/rect_17,0.00042466027178258265,0.1,0.7371268713155574,0.4368288817561387,0.6567770787918451,1e-08,0.5019607882352941,0.5019607882352941,0.1,0.017894736842105265,0.38979039891818795,0.5213956550362081,0.4814972957586109,0.48773919206236716,0.48562482208938235,0.4566232899566234,0.7073170731707327,0.37543554006968655,0.9101056841802572,0.27067928319800477
svg/g/rect_16,0.00039968025579531974,0.1,0.4441414217412245,0.7585606705886321,0.6581089565607983,1e-08,0.5019607882352941,0.5019607882352941,0.1,0.017692307692307695,0.5693035835023664,0.6326530612244898,0.41517221747793903,0.42168674698795183,0.41929974380871055,0.6016016016016018,0.7073170731707327,0.20731707317073184,0.8187184532818503,0.24317294238644654
svg/g/rect_15,0.00037470023980816774,0.1,0.7371268713155574,0.4368288817561387,0.6567770787918451,1e-08,0.5019607882352941,0.5019607882352941,0.1,0.0175,0.4858012170385395,0.6155365371955235,0.448334756618275,0.4547129695251595,0.45246228294904633,0.5517183850517184,0.7073170731707327,0.37717770034843223,0.910824920844265,0.2709061840628936
svg/g/rect_14,0.00034972022382090477,0.1,0.4441414217412245,0.7585606705886321,0.6581089565607983,1e-08,0.5019607882352941,0.5019607882352941,0.1,0.01731707317073171,0.6463826910074374,0.6296905859117842,0.43168232280102475,0.4381289865343728,0.4358098491317962,0.6381381381381382,0.7073170731707327,0.000871080139372773,0.34092181226785706,0.16484442002158056
svg/g/rect_13,0.00032474020783375277,0.1,0.7371268713155574,0.4368288817561387,0.6567770787918451,1e-08,0.5019607882352941,0.5019607882352941,0.1,0.017142857142857144,0.5706558485463151,0.5559578670177749,0.531312268716197,0.5373493975903615,0.5354397950469685,0.563396730063397,0.7073170731707327,0.000871080139372773,0.34092181226785706,0.16484442002158056
svg/g/rect_12,0.0002997601918464898,0.1,0.7371268713155574,0.4368288817561387,0.6567770787918451,1e-08,0.5019607882352941,0.5019607882352941,0.1,0.016976744186046513,0.5960108181203516,0.5842659644502963,0.5644748078565329,0.570375620127569,0.5686023341873043,0.590256923590257,0.7073170731707327,0.01045296167247377,0.4417729259150956,0.17203443966626034
svg/g/rect_11,0.0002747801758593378,0.1,0.7371268713155574,0.4368288817561387,0.6567770787918451,1e-08,0.5019607882352941,0.5019607882352941,0.1,0.01681818181818182,0.6223799864773495,0.6257406188281766,0.5976373469968688,0.6034018426647767,0.6017648733276402,0.6242909576242911,0.7073170731707327,0.052264808362369346,0.6193598260439019,0.19592915654090223
svg/g/rect_10,0.00024980015987207483,0.1,0.7371268713155574,0.4368288817561387,0.6567770787918451,1e-08,0.5019607882352941,0.5019607882352941,0.1,0.01666666666666667,0.616970926301555,0.6290322580645162,0.6307998861372046,0.6364280652019844,0.6349274124679761,0.6232899566232901,0.7073170731707327,0.07491289198606269,0.6688407979607262,0.20568960871951175
svg/g/rect_9,0.0002248201438849228,0.1,0.4441414217412245,0.7585606705886321,0.6581089565607983,1e-08,0.5019607882352941,0.5019607882352941,0.1,0.016521739130434785,0.6531440162271804,0.7261356155365373,0.33219470538001705,0.3390503189227498,0.3363222317107885,0.6903570236903572,0.7073170731707327,0.23867595818815343,0.8402160193400658,0.24938340970116774
svg/g/rect_8,0.00019984012789765987,0.1,0.7371268713155574,0.4368288817561387,0.6567770787918451,1e-08,0.5019607882352941,0.5019607882352941,0.1,0.016382978723404256,0.7011494252873564,0.7409479921000659,0.3488471391972673,0.3556343019135365,0.3529746655280387,0.721554888221555,0.7073170731707327,0.15418118466898947,0.7740004438148909,0.2308589187687705
svg/g/rect_7,0.00017486011191050784,0.1,0.4441414217412245,0.7585606705886321,0.6581089565607983,1e-08,0.5019607882352941,0.5019607882352941,0.1,0.01625,0.7011494252873564,0.7333772218564847,0.36535724452035295,0.3720765414599575,0.3694847708511244,0.7177177177177179,0.7073170731707327,0.1341463414634147,0.7532443763197859,0.22544733230854128
svg/g/rect_6,0.0001498800959232449,0.1,0.4441414217412245,0.7585606705886321,0.6581089565607983,1e-08,0.5019607882352941,0.5019607882352941,0.1,0.01612244897959184,0.779918864097363,0.8545095457537856,0.38200967833760313,0.3886605244507441,0.38613720466837453,0.8179846513179848,0.7073170731707327,0.25174216027874546,0.8483831225330132,0.2517881482572265
svg/g/rect_5,0.00012490007993609287,0.1,0.7371268713155574,0.4368288817561387,0.6567770787918451,1e-08,0.5019607882352941,0.5019607882352941,0.1,0.016,0.5578093306288032,0.7692560895325873,0.2160546541417592,0.2233876683203402,0.22018218047253063,0.6651651651651653,0.7073170731707327,0.5984320557491289,0.9829112929431194,0.29429352236976963
svg/g/rect_4,9.992006394882993e-05,0.1,0.7371268713155574,0.4368288817561387,0.6567770787918451,1e-08,0.5019607882352941,0.5019607882352941,0.1,0.015882352941176472,0.427315753887762,0.5628703094140883,0.23256475946484487,0.2398299078667612,0.2366922857956163,0.4961628294961629,0.7073170731707327,0.38850174216027883,0.9154225201517481,0.2723599426781584
svg/g/rect_3,7.494004796167792e-05,0.1,0.7371268713155574,0.4368288817561387,0.6567770787918451,1e-08,0.5019607882352941,0.5019607882352941,0.1,0.01576923076923077,0.3397565922920892,0.3762343647136274,0.24921719328209507,0.25641389085754784,0.2533447196128665,0.35835835835835844,0.7073170731707327,0.12020905923344946,0.7370262569872617,0.22136344164421984
svg/g/rect_2,4.996003197441497e-05,0.1,0.7371268713155574,0.4368288817561387,0.6567770787918451,1e-08,0.5019607882352941,0.5019607882352941,0.1,0.015660377358490567,0.32217714672075726,0.3209348255431205,0.2658696270993453,0.2729978738483345,0.2699971534301167,0.32165498832165507,0.7073170731707327,0.019163763066202117,0.4983753692327526,0.17788200581877275
svg/g/rect_1,2.498001598726295e-05,0.1,0.4441414217412245,0.7585606705886321,0.6581089565607983,1e-08,0.5019607882352941,0.5019607882352941,0.1,0.015555555555555559,0.7552400270453009,0.7498354180381832,0.13307714204383717,0.1407512402551382,0.1372046683746086,0.7527527527527529,0.707317073170731,0.038327526132404234,0.5789423492093584,0.18899636418063634
svg/g/rect,0.0,0.1,0.4441414217412245,0.7585606705886321,0.6581089565607983,1e-08,0.5019607882352941,0.5019607882352941,0.1,0.015454545454545457,0.572684246112238,0.5628703094140883,0.29903216623968115,0.3060240963855422,0.3031596925704526,0.5679012345679013,0.7073170731707327,0.01393728222996511,0.4668699307391079,0.17444413785045998
